,mean_fit_time,std_fit_time,mean_score_time,std_score_time,param_model__fit_intercept,params,split0_test_score,split1_test_score,split2_test_score,split3_test_score,split4_test_score,mean_test_score,std_test_score,rank_test_score,split0_train_score,split1_train_score,split2_train_score,split3_train_score,split4_train_score,mean_train_score,std_train_score
0,0.035999298095703125,0.015477241244594356,0.004550647735595703,0.0023997507351081176,True,{'model__fit_intercept': True},-296.07241530241885,-304.9556053846515,-800.416184515648,-171.4710331484692,-293.8363629081324,-373.350320251864,219.14044811871275,1,-22.33042491502499,-53.89792455940316,-91.41608929755934,-140.36863258994603,-139.24163630414952,-89.45094153321661,46.57202405111819
1,0.02999577522277832,0.009166448780589774,0.0026185989379882814,0.00028458772149780653,False,{'model__fit_intercept': False},-296.20855628533747,-304.9705415215789,-800.6182143226378,-171.50249913574132,-293.6987450130242,-373.3997112556639,219.21286610084843,2,-22.326130703544788,-53.89735519288341,-91.40593254487682,-140.36608865110523,-139.2317846869186,-89.44545835586575,46.57060042824867
