,mean_fit_time,std_fit_time,mean_score_time,std_score_time,param_model__fit_intercept,params,split0_test_score,split1_test_score,split2_test_score,split3_test_score,split4_test_score,mean_test_score,std_test_score,rank_test_score,split0_train_score,split1_train_score,split2_train_score,split3_train_score,split4_train_score,mean_train_score,std_train_score
0,0.43126749992370605,0.18277009406843658,0.02744922637939453,0.009024043370630534,True,{'model__fit_intercept': True},-333.88708368728646,-376.39902174536127,-974.3742301307784,-1179.8287372802388,-503.5918533859028,-673.6161852459136,340.40232888441284,1,-29.60464759612411,-54.47334857243259,-87.27376214490484,-115.68709805425523,-127.86906468972023,-82.98158421148739,36.78253985930746
1,0.358104944229126,0.12201250944377522,0.026076555252075195,0.01336100267561685,False,{'model__fit_intercept': False},-5758.59815986736,-6563.274816420282,-6458.392007355115,-15113.636915339092,-13003.904765215688,-9379.561332839508,3888.2274206214456,2,-3754.4512933900755,-5844.910995530888,-7339.195773781327,-8899.68362194394,-11293.212619022865,-7426.2908607338195,2573.5082573820205
